Название пылесоса;Ссылка на товар;Цена;Рейтинг;Количество отзывов;Наличие
Робот-пылесос Roborock S5 Max White (Международная версия);https://rozetka.com.ua/xiaomi_roborock_s5_max_white/p189864298/;16 999 ₴;Рейтинг товара 3.6 из 5;335 отзывов; Готов к отправке 
Робот-пылесос Xiaomi Mi Robot Vacuum-Mop 2 EU;https://rozetka.com.ua/xiaomi-894718/p333213184/;11 499 ₴;Рейтинг товара 3.6 из 5;1 отзыв; Готов к отправке 
Робот-пылесос Xiaomi Mi Robot Vacuum-Mop 2 Pro Black EU;https://rozetka.com.ua/xiaomi-894720/p333225100/;14 999 ₴;Рейтинг товара 3.6 из 5;3 отзыва; Готов к отправке 
Робот-пылесос ROWENTA Explorer Serie 50 RR7387WH;https://rozetka.com.ua/rowenta_explorer_serie_50_rr7387wh/p280406798/;7 999 ₴;Рейтинг товара 3.6 из 5;17 отзывов; Готов к отправке 
Робот-пылесос Roborock S6 MaxV Vacuum Cleaner Black;https://rozetka.com.ua/xiaomi_roborock_s6_maxv/p249086106/;19 999 ₴;Рейтинг товара 3.6 из 5;75 отзывов; Готов к отправке 
Робот-пылесос ECOVACS DEEBOT OZMO N8 (DLN26-21);https://rozetka.com.ua/ecovacs_dln26_21/p296529443/;10 499 ₴;Рейтинг товара 3.6 из 5;30 отзывов; Готов к отправке 
Робот-пылесос Xiaomi Mi Robot Vacuum-Mop 2 Ultra EU;https://rozetka.com.ua/xiaomi-894717/p336754057/;17 999 ₴;Рейтинг товара 3.6 из 5;2 отзыва; Готов к отправке 
Робот-пылесос ROWENTA RR7375WH;https://rozetka.com.ua/rowenta-rr7375wh/p309571123/;7 799 ₴;Рейтинг товара 3.6 из 5;2 отзыва; Готов к отправке 
Робот-пылесос Roborock S6 Pure Vacuum Cleaner White (S6P02-00);https://rozetka.com.ua/xiaomi_roborock_s6_pure_white/p240666775/;14 999 ₴;Рейтинг товара 3.6 из 5;58 отзывов; Готов к отправке 
Робот-пылесос Samsung Jet Bot AI+ VR50T95735W/EV;https://rozetka.com.ua/samsung_vr50t95735w_ev/p303638263/;34 499 ₴;Рейтинг товара 3.6 из 5;6 отзывов; Готов к отправке 
Робот-пылесос ROWENTA X-plorer Serie 120AI RR7877WH;https://rozetka.com.ua/rowenta-rr7877wh/p335077528/;14 499 ₴;;Оставить отзыв; Готов к отправке 
Робот-пылесос ROWENTA X-plorer Serie 95 Animal RR7975WH;https://rozetka.com.ua/rowenta_x-plorer_serie_95_animal_rr7975wh/p287228543/;20 789 ₴;Рейтинг товара 3.6 из 5;16 отзывов; Готов к отправке 
Робот-пылесос ROWENTA X-plorer Serie 45 RR8227WH;https://rozetka.com.ua/rowenta_rr8227wh/p326408125/;6 499 ₴;;Оставить отзыв; Готов к отправке 
Робот-пылесос Xiaomi Mi Robot Vacuum-Mop 2 Pro White EU;https://rozetka.com.ua/xiaomi-894721/p333228529/;14 999 ₴;Рейтинг товара 3.6 из 5;6 отзывов; Готов к отправке 
Робот-пылесос Roborock S7 White;https://rozetka.com.ua/xiaomi_roborock_s7_white/p308434678/;18 999 ₴;Рейтинг товара 3.6 из 5;19 отзывов; Готов к отправке 
Робот-пылесос Roborock S5 Max Black (Международная версия);https://rozetka.com.ua/xiaomi_roborock_s5_max_black/p221622787/;16 999 ₴;Рейтинг товара 3.6 из 5;80 отзывов; Готов к отправке 
Робот-пылесос ECOVACS DEEBOT OZMO T9 PLUS (DLX13-54);https://rozetka.com.ua/ecovacs_dlx13_54/p296520563/;23 999 ₴;Рейтинг товара 3.6 из 5;28 отзывов; Готов к отправке 
Робот-пылесос Xiaomi Mi Robot Vacuum-Mop 2 Lite EU;https://rozetka.com.ua/xiaomi-894719/p336754405/;7 999 ₴;;Оставить отзыв; Готов к отправке 
Робот-пылесос ECOVACS DEEBOT OZMO N8 Pro PLUS (DLN11);https://rozetka.com.ua/ecovacs_dln11/p296527863/;17 999 ₴;Рейтинг товара 3.6 из 5;7 отзывов; Готов к отправке 
Робот-пылесос AENO RC1S;https://rozetka.com.ua/aeno-arc0001s/p334889176/;19 999 ₴;;Оставить отзыв; Готов к отправке 
Робот-пылесос Lydsto R1 White со станцией самоочистки;https://rozetka.com.ua/lydsto-694011/p322333162/;14 999 ₴;Рейтинг товара 3.6 из 5;15 отзывов; Готов к отправке 
Робот-пылесос ECOVACS Deebot OZMO T8 AIVI;https://rozetka.com.ua/ecovacs_dbx11_11/p223662643/;19 999 ₴;Рейтинг товара 3.6 из 5;80 отзывов; Готов к отправке 
Робот-пылесос ROWENTA X-plorer Serie 120AI RR7865WH;https://rozetka.com.ua/rowenta-rr7865wh/p335083369/;15 749 ₴;Рейтинг товара 3.6 из 5;2 отзыва; Готов к отправке 
Робот-пылесос ECOVACS DEEBOT OZMO T9 (DLX13-44);https://rozetka.com.ua/ecovacs-dlx13-44/p292557663/;17 999 ₴;Рейтинг товара 3.6 из 5;8 отзывов; Готов к отправке 
Робот-пылесос Dreame Bot Z10 PRO;https://rozetka.com.ua/dreame-rls5d/p325923091/;16 999 ₴;Рейтинг товара 3.6 из 5;3 отзыва; Готов к отправке 
Робот-пылесос Dreame D9;https://rozetka.com.ua/xiaomi_dreame_d9/p300017473/;10 499 ₴;Рейтинг товара 3.6 из 5;29 отзывов; Готов к отправке 
Робот-пылесос ECOVACS DEEBOT OZMO N8 PLUS (DLN26);https://rozetka.com.ua/ecovacs_dln26_11/p296527958/;15 999 ₴;Рейтинг товара 3.6 из 5;18 отзывов; Готов к отправке 
Робот-пылесос Viomi V3 Vacuum Cleaner Black;https://rozetka.com.ua/xiaomi_viomi_v3_black/p240681607/;15 999 ₴;Рейтинг товара 3.6 из 5;4 отзыва; Готов к отправке 
Робот-пылесос ECOVACS DEEBOT OZMO N8 Pro (DLN11-11);https://rozetka.com.ua/ecovacs_dln11_11/p296527893/;12 999 ₴;Рейтинг товара 3.6 из 5;11 отзывов; Готов к отправке 
Робот-пылесос ECOVACS DEEBOT OZMO 950 Black;https://rozetka.com.ua/ecovacs_deebot_ozmo_950_black/p125208758/;12 799 ₴;Рейтинг товара 3.6 из 5;222 отзыва; Готов к отправке 
Робот-пылесос Dreame D9 PRO;https://rozetka.com.ua/xiaomi_dreame_d9_pro/p318681874/;12 499 ₴;Рейтинг товара 3.6 из 5;21 отзыв; Готов к отправке 
Робот-пылесос AENO RC3S;https://rozetka.com.ua/aeno-arc0003s/p334889164/;11 899 ₴;;Оставить отзыв; Готов к отправке 
Робот-пылесос AENO RC2S;https://rozetka.com.ua/aeno-arc0002s/p334888588/;11 899 ₴;;Оставить отзыв; Готов к отправке 
Робот для мойки окон Inspire IQ Cleaner V2;https://rozetka.com.ua/311399553/p311399553/;5 389 ₴;Рейтинг товара 3.6 из 5;3 отзыва; Есть в наличии 
Мощный моющий робот-пылесос INSPIRE Biosmart Pro с функцией удалённого управления (mobile Wi-Fi App);https://rozetka.com.ua/203091163/p203091163/;7 589 ₴;Рейтинг товара 3.6 из 5;74 отзыва; Есть в наличии 
Мощный ультратонкий и тихий робот-пылесос INSPIRE с функцией влажной уборки FR6C White;https://rozetka.com.ua/90719396/p90719396/;3 989 ₴;Рейтинг товара 3.6 из 5;242 отзыва; Есть в наличии 
Робот-пылесос моющий Dreame W10;https://rozetka.com.ua/335353837/p335353837/;24 999 ₴;;Оставить отзыв; Есть в наличии 
Робот-пылесос ILIFE L100 белый для сухой и влажной уборки с поддержкой Wi-Fi;https://rozetka.com.ua/303411073/p303411073/;7 580 ₴;;Оставить отзыв; Есть в наличии 
Робот для мойки окон Inspire SQ белый;https://rozetka.com.ua/293020858/p293020858/;6 289 ₴;Рейтинг товара 3.6 из 5;7 отзывов; Есть в наличии 
Робот для мойки окон Chovery;https://rozetka.com.ua/311884553/p311884553/;4 987 ₴;Рейтинг товара 3.6 из 5;6 отзывов; Есть в наличии 
Робот для мойки окон SKYWIN V5 black (HW001);https://rozetka.com.ua/92286296/p92286296/;5 950 ₴;Рейтинг товара 3.6 из 5;6 отзывов; Есть в наличии 
Робот-пылесос ILIFE V7s Plus розовый для сухой и влажной уборки;https://rozetka.com.ua/303411018/p303411018/;4 169 ₴;Рейтинг товара 3.6 из 5;4 отзыва; Есть в наличии 
Робот-пылесос ILIFE V8 Plus белый для сухой и влажной уборки плановая очистка;https://rozetka.com.ua/303411083/p303411083/;4 999 ₴;;Оставить отзыв; Есть в наличии 
Робот-пылесос ILIFE A80 Plus розовый для сухой и влажной уборки управление через приложение;https://rozetka.com.ua/303411068/p303411068/;4 999 ₴;Рейтинг товара 3.6 из 5;1 отзыв; Есть в наличии 
Dreame Bot Z10 Pro + ПОДАРОК;https://rozetka.com.ua/321932539/p321932539/;16 999 ₴;;Оставить отзыв; Есть в наличии 
Робот-пылесос Xiaomi VIOMI S9 Vacuum Cleaner Black;https://rozetka.com.ua/xiaomi-s9-vacuum-cleaner/p324945862/;17 299 ₴;Рейтинг товара 3.6 из 5;19 отзывов; Есть в наличии 
Dreame D9 (RLS5-WH0) + ПОДАРОК;https://rozetka.com.ua/304551428/p304551428/;10 499 ₴;;Оставить отзыв; Есть в наличии 
Ультратонкий робот-пылесос с широкой зоной очистки Action V2;https://rozetka.com.ua/299176148/p299176148/;1 589 ₴;Рейтинг товара 3.6 из 5;34 отзыва; Есть в наличии 
Робот для мойки окон Inspire IQ Cleaner белый;https://rozetka.com.ua/90719384/p90719384/;4 989 ₴;Рейтинг товара 3.6 из 5;53 отзыва; Есть в наличии 
Робот-пылесос ECOVACS DEEBOT OZMO PRO 930 Black;https://rozetka.com.ua/191516018/p191516018/;28 500 ₴;Рейтинг товара 3.6 из 5;11 отзывов; Есть в наличии 
Робот-пылесос Roborock S5 Max White;https://rozetka.com.ua/338593648/p338593648/;13 999 ₴;;Оставить отзыв; Есть в наличии 
Робот-пылесос iRobot Roomba s9+ (S955840) + Подарок;https://rozetka.com.ua/243519643/p243519643/;47 699 ₴;Рейтинг товара 3.6 из 5;10 отзывов; Есть в наличии 
Робот для мойки окон Inspire IQ Cleaner Slim;https://rozetka.com.ua/311399548/p311399548/;5 189 ₴;Рейтинг товара 3.6 из 5;5 отзывов; Есть в наличии 
Робот-пылесос DYXON MEGAVAC 1200 white;https://rozetka.com.ua/302687508/p302687508/;1 499 ₴;Рейтинг товара 3.6 из 5;56 отзывов; Есть в наличии 
Робот для мойки окон Logicpower LPW-002;https://rozetka.com.ua/314944837/p314944837/;7 016 ₴;Рейтинг товара 3.6 из 5;58 отзывов; Есть в наличии 
Робот-пылесос Cecotec Conga 1790 Ultra CCTC-05473 (8435484054737);https://rozetka.com.ua/267075641/p267075641/;5 999 ₴;Рейтинг товара 3.6 из 5;12 отзывов; Есть в наличии 
Xiaomi Lydsto R1 Robot Vacuum Cleaner White (HD-STYTJ-W03) + ПОДАРОК;https://rozetka.com.ua/327407992/p327407992/;14 999 ₴;;Оставить отзыв; Есть в наличии 
PUPPYOO R30 PRO + ПОДАРОК;https://rozetka.com.ua/323169130/p323169130/;5 499 ₴;Рейтинг товара 3.6 из 5;53 отзыва; Есть в наличии 
Робот-полотер iRobot Braava Jet M6;https://rozetka.com.ua/irobot_m611020/p215967331/;17 099 ₴;Рейтинг товара 3.6 из 5;6 отзывов; Есть в наличии 
Робот для мойки окон Hobot 298 (hobot-298) + ПОДАРОК;https://rozetka.com.ua/73650033/p73650033/;12 780 ₴;Рейтинг товара 3.6 из 5;9 отзывов; Есть в наличии 
